"pakbus","plot","address","barcode"
"185","T1_R1_VR_C_NW","a","zUf93aBDqeV3ww4MGaIHh"
"185","T1_R1_VR_S_SE","b","QdO7G7JHf44BIA_XTMpHH"
"185","T1_R1_VR_B_NE","c","5UujwrYmq6TVGGqYuUHLe"
"185","T1_R1_VR_G_SW","d","_44Ve9GXPQHuCIMTQB2z3"
"185","T1_R1_D1_C_NW","5","SpMZMC3USE4VvgfHKPnb6"
"192","T1_R2_D2_C_NW","7","hwVlndu_XavfVbJQGoqcP"
"192","T1_R2_D2_S_SE","8","QP55PWJHh9LlQxiE-eJFz"
"192","T1_R2_D2_B_SW","a","jrJmWGZPqSctzrftkfMl6"
"192","T1_R2_D2_G_NE","f","avwKjY-nXMRTXmrfStyco"
"192","T1_R2_D3_C_SE","1","oOIPPkS_vjM_WiZj1EJa4"
"192","T1_R2_D3_G_SW","2","y1sE1KcqyVf-BdvT3Y57H"
"192","T1_R2_VR_B_NW","h","x5YJKPhr2rEk4tuT2j02O"
"192","T1_R2_VR_B_NW","j","SN9J5h8rbeayIcU-o6xoX"
"192","T1_R2_VR_B_NW","i","ffwcAU2Q_svtK7QDGF3kX"
"185","T1_R1_IR_B_SW","4","oU8BRnuleaTBjIRbfhYL9"
"185","T1_R1_IR_C_NW","1","hGirzWa_h57N-MiMgmYiu"
"185","T1_R1_IR_G_NE","3","P3z2kdUGX605a2I7e99PB"
"185","T1_R1_IR_S_SE","2","KRrwt4wh6txwyq-mOS2pK"
"187","T1_R3_D2_B_NE","0","Krrcy-CIPmioYggkxzCkL"
"187","T1_R3_D2_S_SW","9","K8egj7pAGlQ0R4B-oj7TE"
"187","T1_R3_D2_C_SE","7","erd5mHDU5EHGM69Sw1QAt"
"187","T1_R3_IR_B_NE","8","rAfGoYdMxHaP3oUA5ycYm"
"187","T1_R3_IR_C_SW","3","xMt2-US4K_0R6AuIWK8Cs"
"187","T1_R3_IR_S_NW","4","Tjdnj6nwI1me14ivCgYJA"
"187","T1_R3_VR_G_SE","5","5IGwVFbj804i3ntDaBg0z"
"187","T1_R3_VR_B_NE","6","f9yxpq4GOS05JqrYFXLac"
"187","T1_R3_VR_S_NW","1","lKmz8dTddt3okDTHsxkO8"
"187","T1_R3_VR_C_SW","2","VPGDGQwmS4wJluWx5OCAy"
"188","T1_R4_D1_C_SE","1","MIaY08HA-vzUmZz9kGkQ1"
"188","T1_R4_D1_S_SW","2","oTrUQAIVmCSXzITJAZI4c"
"188","T1_R4_D2_C_SE","0","DwzGUP1PGeE5r3VmO6-mG"
"188","T1_R4_D2_S_NE","7","IRxW3CgaoyXObqGI8dQmF"
"188","T1_R4_D2_G_NW","8","1ucr7eUx7bbxfQko45tIQ"
"188","T1_R4_D2_B_SW","9","UUPb99vNbJWcVpO9f0xw9"
"188","T1_R4_IR_C_SE","4","4lNwPLoC9SkeYd_pi1VRU"
"188","T1_R4_IR_S_NW","3","ELisqUuRtD5-7hKdadpA_"
"188","T1_R4_VR_C_NW","5","do5JhXgaLKLaun_rarVIl"
"188","T1_R4_VR_G_NE","6","qAKnzqDmIAkfcXXLNPs7a"
"189","T2_R1_D1_C_NW","8","WTc4DTmEo6gfJKqp1ZFR9"
"189","T2_R1_D2_F_NW","9","31BQ2OjLx51zIBDVw7Bc1"
"189","T2_R1_D2_N_SE","0","jH4MS78i3Vprk2stCD8uz"
"189","T2_R1_D2_C_NE","1","UIvAwz9GErXEjtQHd040h"
"189","T2_R1_D2_S_SW","2","LeTHvN4cS__0hCEM02W0t"
"189","T2_R1_IR_C_SW","3","_xFtDYMglH-txxHorJzJb"
"189","T2_R1_IR_S_NW","4","kmRdTE1QoJ3KYA0q3rnc4"
"189","T2_R1_VR_C_NE","5","1UqfaHim8p3kV1gSNH_Vj"
"189","T2_R1_VR_S_NW","6","OGUU50PGOnASONlixuzUl"
"190","T2_R3_D1_C_SE","5","fXBYRP4ICWtgVtDlurr3b"
"190","T2_R3_D1_S_NE","6","aUBthOttaguHeqicmeuy5"
"190","T2_R3_D2_C_SW","7","q8WL1UMz-H7IvJXwXLd_Y"
"190","T2_R3_D2_S_NE","8","Bk247J_RGXIThwVlZqMTi"
"190","T2_R3_D3_C_SW","c","3vASW5H7FQqGGB2a9v614"
"190","T2_R3_D3_S_SE","d","BG20m0OU7K9dlbt5sVOKk"
"190","T2_R3_IR_C_SW","9","scuzqqCvAHdrZkheAFKuY"
"190","T2_R3_IR_F_NW","a","LGiYx1K9IAFHs4A8Ka2gw"
"190","T2_R3_IR_N_NE","b","c4AYYY4Y2sch9jwrpTNz2"
"190","T2_R3_IR_S_SE","0","0BSSns_RZeXM9B46e-k5x"
"190","T2_R3_VR_C_NE","1","qeCqVxJ20Qup7KNVCHooP"
"190","T2_R3_VR_F_SW","3","AFqxOilSX2yGzAFSkzfhZ"
"190","T2_R3_VR_N_NW","4","d5XbvGNbEk-SLGPXE4A5g"
"190","T2_R3_VR_S_SE","2","ECZ5ogWfJNaNZhjw4VclD"
"191","T2_R4_D1_S_NE","h","nx_f4n9JRS0_voaeQ0Dl1"
"191","T2_R4_D1_C_SW","g","nVrkjReVO0uNpuXJ5DueJ"
"191","T2_R4_D2_F_SW","i","eteWTPhD3WykrWb4jEruV"
"191","T2_R4_D2_C_NW","3","qI9a-LR04-MDQLyrPe75T"
"191","T2_R4_D2_S_SE","4","dV4WNFFQHWnx2mI1HlBaJ"
"191","T2_R4_D2_N_NE","j","vmqXBtBnDHLY57cP_D_vp"
"191","T2_R4_IR_S_NW","d","iLUy9HG-belV7ayZ8lpYj"
"191","T2_R4_IR_S_NW","e","hxtS5ggM9cvsK5SrSoDFN"
"191","T2_R4_IR_S_NW","f","rP2z1rKCpfJCqEIFuJKXI"
"191","T2_R4_IR_F_SW","6","3bRdNCAQc8JHK5c0SjIVc"
"191","T2_R4_IR_F_SW","7","7hRliAVlJD8d-q_dF_KpY"
"191","T2_R4_IR_F_SW","5","zYmjKL1qIsv35yeupwbZY"
"191","T2_R4_IR_C_NE","8","W_GY7n5yoVHkjoccTRKqp"
"191","T2_R4_IR_C_NE","9","7tiiqoX2x_1SIzq1X2ZuQ"
"191","T2_R4_IR_C_NE","0","hW3qseXbJ8m6En4IT0ygB"
"123","T2_R6_D1_C_NW","5","k2ElA1R7AsCBgUeJDiGHi"
"123","T2_R6_D2_C_NW","3","0Xhw-9ezVXpTS3bmw7Tf7"
"123","T2_R6_IR_C_NW","1","xhkUz_PrFJBzc_8sZ4SMS"
"123","T2_R6_IR_S_SE","2","MjFx2922UsyTEPda-7RZA"
"123","T2_R6_VR_C_SE","7","0efMG_ZqT84xR5MVl-rWv"
"123","T2_R6_VR_S_NW","8","fRNQkSKcBBlrGdXBPA_Nd"
"185","T1_R1_D1_S_NE","6","Tml1GP02ySCzaGOd_p3kP"
"185","T1_R1_D2_G_NE","7","1m7xlnmHhhO6jpY7ycO66"
"185","T1_R1_D2_S_SE","0","NpS9pgprp2q0-K8Su3v3N"
"185","T1_R1_D2_B_NW","8","LXtniVF6yd7io9cf8qxGR"
"185","T1_R1_D2_C_SW","9","isrISEacCoCXyadudCrRh"
"192","T1_R2_VR_C_SE","9","XSRahBZXDsmfBC3t8CmBd"
"192","T1_R2_VR_G_NE","e","vIYP62UtJmpBmtPmI2aCL"
"192","T1_R2_VR_G_NE","g","MPCw143379KVP6L1mm298"
"192","T1_R2_VR_S_SW","b","9cysTS6coxRIT_R7no1Cv"
"192","T1_R2_VR_S_SW","d","uO2sYr3FqwGYYt7cP9aXv"
"192","T1_R2_VR_S_SW","c","7bOfA8405s1MrKqY4is8t"
"192","T1_R2_IR_B_NE","6","TNuaw0PweQw0ZyjdOAtVz"
"192","T1_R2_IR_C_SE","3","_OtBh61z0VEPwkAVEqf70"
"192","T1_R2_IR_G_SW","5","su3BjbuwdfJEiXSOjPIkp"
"192","T1_R2_IR_S_NW","4","TjCZBpR4JQQLM60L7C5d0"
"191","T2_R4_IR_N_SE","b","7h-zmPx_Aw66Z-Qbg2l7k"
"191","T2_R4_IR_N_SE","c","oMLF17TLFFwsFaobPtH-Z"
"191","T2_R4_IR_N_SE","a","R-tgKB9OkZBpGkidvGF51"
"191","T2_R4_VR_S_NW","2","D6ZU9774XCLojJfm1eARC"
"191","T2_R4_VR_C_SW","1","QCBsQqXhoBXcyWgUfScmn"